filename,sha256,ripemd160
audit_log_MVP1-SR031_20250616T023206.516729Z.json___20250718T210953.128323Z.hash.ots,a24660474337773e958b1f5428324ac24e2b32d3b68f91805368ad6fd831faec,aef6e990d189e1256bf3662253f7726a58e23062
audit_log_MVP1-SR002_20250704T050511.217387Z.json___20250718T210939.058513Z.hash.ots,23f7a14dabc757ee6f6d8bb9ba827ec18456881ab3b8b02df59ab66cddd92274,9be8e30fa3330a843acc5ce61a5d258765c0f786
audit_log_MVP1-SR004_20250526T032031.221195Z.json___20250718T210941.070567Z.hash.ots,a51d58f00fcff59e695aea63da40dcf2db65a60597d0402694bf7515a213d5bf,db7a449c76a9aa2ec625885e0150f35fd65ba62b
audit_log_MVP1-SR005_20250526T034312.228852Z.json___20250718T210949.107401Z.hash.ots,ea5cee512f7e888e747df50bc064b6e6380c15fb21a0559282b587d8b619e0ea,6090666643a912c8e15946e846dcbec2e1d1a851
audit_log_MVP1-SR025_20250614T063132.106059Z.json___20250718T210947.099686Z.hash.ots,804241b66005d65ba0cfd4857e5522d246c3ffb2ef5e0e804d5084770aeaa6b1,ef0428a911a9d3d942fbb7522e110bd3797e0cf9
audit_log_MVP1-SR038_20250623T050153.592411Z.json___20250718T211011.296071Z.hash.ots,980f2033c985e7f4c306cd886425bc2dcff793b26f43da83f816176b770015e9,68f87f4a2514860a418cae09facdb7db1c64af24
audit_log_DRTELLES-LOG001_20250713T224621.564735Z.json___20250718T210957.135518Z.hash.ots,6b8c9594404e72cc6e19242d7c133e6a93a8de82ac5954dc05dff0c2eb89f968,69f64d75799fd02b804459188f60d4b88d895414
audit_log_MVP1-SR002_20250526T005856.448984Z.json___20250718T210959.156847Z.hash.ots,92d18f38126fa40fccb9530056d5ee96a35d93b6f6c1a59ccd13d85fc0117e86,d3427179059d2a658ff6dc2a30d8b5200bb8ac72
audit_log_MVP1-SR057_20250701T022809.888350Z.json___20250718T210929.028557Z.hash.ots,e8ee65ad4ef110177d998b9239b8650367753a70d78a64e0f0f36bf1e3df495d,9179274df7170d41a44b103752496b2bd594e249
session_log_OPTMZ-SESS005_20250709T025037.058926Z.json___20250718T211003.171601Z.hash.ots,aa6c23a415643f7a50c5623dedb13a50872d4f0f40ae6e4f8d05d17709ef76ed,f46c2fe6b31427bbcd9f008dd1fb7292c4eb118a
audit_log_MVP1-SR034_20250617T073007.955006Z.json___20250718T210943.071826Z.hash.ots,f3bf65d739136e154eba87f81d72a7714d7f84ae6117cc6afde3bf659c93d0ac,d5d85aca6fd7ad8e85359a7c68426b8b80f7d26f
audit_log_MVP1-SR033_20250617T070522.437324Z.json___20250718T211007.187922Z.hash.ots,455bf8301599f46e0831702888569c8a9cab9e88f7f4b5960e12b51439f5c43f,c86f5adac9c4bf80ede841bb27e4a680bcbfffaa
audit_log_MVP1-SR041_20250623T051610.180783Z.json___20250718T210931.035213Z.hash.ots,d2156ad7bb4a763655e446c01a9275441dfe1ffd825dfe4496d530f93c315445,24d096358c59815b6827e9afab56db26635f056a
audit_log_MVP1-SR036_20250623T041519.661578Z.json___20250718T211015.195366Z.hash.ots,ae8477c87e03afdb93f687025291046f2837fec409d58f7969a9e43736a0457b,fb8396339c50d596c109b0ea6e7162f6da09c983
session_log_OPTMZ-SESS009_20250709T053543.889521Z.json___20250718T211013.174519Z.hash.ots,5c072df1d059d5842b0b6a27c42703818fd57b484698a19cbaed5456abd22a32,ebc49d6185f472bd5cc534bf37294df93f62e405
audit_log_MVP1-SR083_20250704T043256.725227Z.json___20250718T210937.058061Z.hash.ots,f5e9b8e0e1096af8baa2929fc14943c35d9f67f96a2d35dc2cd4fda1473019ca,9cee92230af3fd876aec33b72719bb047b9c4923
audit_log_MVP1-SR032_20250616T024309.303174Z.json___20250718T210951.118546Z.hash.ots,967b25e4dc5bd308443f53b44ffb192085315ec0eb786a1b6ac4f76fae313a80,0f6339f264db845cffda63f1aee248dc68d33432
audit_log_MVP1-SR029_20250615T054956.588879Z.json___20250718T211017.207237Z.hash.ots,0631f1ef52794f5420568f6379bf25a9d0e8623b644ec17a35db5b8c0dcc54d8,706b88478a6a7cf2acb4eb3e04594fef9964abf5
audit_log_MVP1-SR084_20250704T044646.267182Z.json___20250718T210945.080795Z.hash.ots,d6fbae3b7346891c8780f7fd5afb5b0174f20a02a3c5a08d6960fc5220340dca,b3d15de6082d894c5e301fa1bd9f7296c4d8338c
audit_log_MVP1-SR058_20250701T024226.076182Z.json___20250718T210935.045854Z.hash.ots,67e928774c57c034c74ed80d442d21b9c92b5fa2c5c75f2a73fd52132bf12097,8757fc472c422be441d0324e6c414da4006ca904
audit_log_MVP1-SR076_20250701T224228.412884Z.json___20250718T210927.078737Z.hash.ots,1e650c2a7b468410decc6cf27de94ae72fe24b97c2ee6658443bea852517a817,a2481470138cb581c619808eb1d89028ab088397
audit_log_MVP1-SR035_20250619T034308.416112Z.json___20250718T210955.130964Z.hash.ots,de416d48eeea16802f123e7d63e0b247c7953854d5a746aa4026d2d6ce5b50ab,d4f2a41990476ab42ffe130c1be0b86763c6a73f
audit_log_MVP1-SR047_20250624T061128.502561Z.json___20250718T211005.277064Z.hash.ots,788a01c79b59ad08d2a0316250a8472e4b6dd9cf570f802c17833eecf46e9412,e67a8ed9cbe2c966279b4305107a4d1730be2913
audit_log_MVP1-SR001_20250704T045719.461011Z.json___20250718T210933.038335Z.hash.ots,247a5b53c0b7fca18424e061b72350ba6dda55f29a31561eb222bc24a89b2528,682f21596bcb28dfd8b92cb6f2ce3a0de9bcf6b8
audit_log_MVP1-SR030_20250615T233259.294016Z.json___20250718T211001.171852Z.hash.ots,d290a2deffd5ce1b8d29ad23745cbf7495340f385e3350453da1be38e8ee5236,b854e6b8784648565cfd784cc539839c45798b30
